bin_id,name,Avg. NLL,Ensemble Diversity (NLL),Ensemble NLL,Ensemble Accuracy,Total Variance,num_params,ensemble_hyperparameters,ens_size,type,binning,seed,dataset,Num. Params
0,FixPNASNet--efficientnet-b4-autoaug--efficientnet-b5-randaug--pnasnet5large,0.7782471829074289,0.0995068886778614,0.6787402924937478,0.84522,0.0372853673694265,221846760.0,"{'model_scores': [8, 8, 8, 8], 'model_names': ['FixPNASNet', 'efficientnet-b4-autoaug', 'efficientnet-b5-randaug', 'pnasnet5large']}",4,het,8,78720,imagenet,
0,efficientnet-b4--efficientnet-b4-autoaug--efficientnet-b5--efficientnet-b5-autoaug,0.8293587565422058,0.0568419769406318,0.7725168081435189,0.84262,0.0216079223901033,99462824.0,"{'model_scores': [8, 8, 8, 8], 'model_names': ['efficientnet-b4', 'efficientnet-b4-autoaug', 'efficientnet-b5', 'efficientnet-b5-autoaug']}",4,het,8,78720,imagenet,
0,FixPNASNet--efficientnet-b5-autoaug--efficientnet-b7-autoaug--pnasnet5large,0.7524031764994537,0.0913897383797445,0.6610134366412941,0.84866,0.0328794813591183,268853104.0,"{'model_scores': [8, 8, 8, 8], 'model_names': ['FixPNASNet', 'efficientnet-b5-autoaug', 'efficientnet-b7-autoaug', 'pnasnet5large']}",4,het,8,78720,imagenet,
0,FixPNASNet--efficientnet-b4--efficientnet-b4-autoaug--efficientnet-b5-autoaug,0.8045656085014343,0.0948810875415802,0.7096844941552076,0.84742,0.0404798425734043,155130708.0,"{'model_scores': [8, 8, 8, 8], 'model_names': ['FixPNASNet', 'efficientnet-b4', 'efficientnet-b4-autoaug', 'efficientnet-b5-autoaug']}",4,het,8,78720,imagenet,
0,efficientnet-b4-autoaug--efficientnet-b5-randaug--efficientnet-b7-autoaug--pnasnet5large,0.7980876353501496,0.0771515480335262,0.7209360854842276,0.8482,0.0263969035967201,202137052.0,"{'model_scores': [8, 8, 8, 8], 'model_names': ['efficientnet-b4-autoaug', 'efficientnet-b5-randaug', 'efficientnet-b7-autoaug', 'pnasnet5large']}",4,het,8,78720,imagenet,
0,FixPNASNet--efficientnet-b4--efficientnet-b5-autoaug--efficientnet-b7-randaug,0.7640764713287354,0.0945632681250572,0.6695132472032868,0.8521,0.0393543392419815,202137052.0,"{'model_scores': [8, 8, 8, 8], 'model_names': ['FixPNASNet', 'efficientnet-b4', 'efficientnet-b5-autoaug', 'efficientnet-b7-randaug']}",4,het,8,78720,imagenet,
0,efficientnet-b4--efficientnet-b6-autoaug--efficientnet-b7-autoaug--pnasnet5large,0.8203939856067355,0.0757482062183167,0.7446457774385685,0.84806,0.0265537199026782,214787972.0,"{'model_scores': [8, 8, 8, 8], 'model_names': ['efficientnet-b4', 'efficientnet-b6-autoaug', 'efficientnet-b7-autoaug', 'pnasnet5large']}",4,het,8,78720,imagenet,
0,efficientnet-b5-autoaug--efficientnet-b5-randaug--efficientnet-b7-randaug--pnasnet5large,0.7515338654302238,0.0688594132420566,0.6826744506733055,0.85068,0.0230431249526991,213185220.0,"{'model_scores': [8, 8, 8, 8], 'model_names': ['efficientnet-b5-autoaug', 'efficientnet-b5-randaug', 'efficientnet-b7-randaug', 'pnasnet5large']}",4,het,8,78720,imagenet,
0,efficientnet-b5--efficientnet-b7-autoaug--efficientnet-b7-randaug--pnasnet5large,0.7659442106851093,0.0725420461816127,0.6934021629401758,0.8522,0.0240129947487113,249143396.0,"{'model_scores': [8, 8, 8, 8], 'model_names': ['efficientnet-b5', 'efficientnet-b7-autoaug', 'efficientnet-b7-randaug', 'pnasnet5large']}",4,het,8,78720,imagenet,
0,efficientnet-b4--efficientnet-b4-autoaug--nasnetalarge--pnasnet5large,0.8516932930390357,0.0927722796735765,0.758921011734805,0.84098,0.0348908357575827,213494074.0,"{'model_scores': [8, 8, 8, 8], 'model_names': ['efficientnet-b4', 'efficientnet-b4-autoaug', 'nasnetalarge', 'pnasnet5large']}",4,het,8,78720,imagenet,
0,efficientnet-b4--efficientnet-b5--efficientnet-b7-randaug--pnasnet5large,0.8082132610721502,0.0812285001393743,0.7269847590253011,0.84808,0.0287353018745654,202137052.0,"{'model_scores': [8, 8, 8, 8], 'model_names': ['efficientnet-b4', 'efficientnet-b5', 'efficientnet-b7-randaug', 'pnasnet5large']}",4,het,8,78720,imagenet,
1,efficientnet-b3--efficientnet-b3-autoaug--inceptionv4--senet154,0.8583700410131339,0.1127175588805888,0.7456524808098499,0.83218,0.0401863576188602,182235288.0,"{'model_scores': [8, 8, 8, 8], 'model_names': ['efficientnet-b3', 'efficientnet-b3-autoaug', 'inceptionv4', 'senet154']}",4,het,8,78720,imagenet,
1,efficientnet-b3--efficientnet-b3-autoaug--inceptionresnetv2--polynet,0.8603845076640819,0.1425289063145129,0.7178556000268748,0.83022,0.0487780513577663,175676552.0,"{'model_scores': [8, 8, 8, 8], 'model_names': ['efficientnet-b3', 'efficientnet-b3-autoaug', 'inceptionresnetv2', 'polynet']}",4,het,8,78720,imagenet,
1,efficientnet-b3--efficientnet-b3-autoaug--inceptionresnetv2--se_resnext101_32x4d,0.8629005229964068,0.1093319472273854,0.7535685744463255,0.82874,0.0390720429578125,129265368.0,"{'model_scores': [8, 8, 8, 8], 'model_names': ['efficientnet-b3', 'efficientnet-b3-autoaug', 'inceptionresnetv2', 'se_resnext101_32x4d']}",4,het,8,78720,imagenet,
1,efficientnet-b3-autoaug--inceptionresnetv2--inceptionv4--polynet,0.8553970263151623,0.1484732352207814,0.7069237903941396,0.8302,0.0503422558773737,206123136.0,"{'model_scores': [8, 8, 8, 8], 'model_names': ['efficientnet-b3-autoaug', 'inceptionresnetv2', 'inceptionv4', 'polynet']}",4,het,8,78720,imagenet,
1,efficientnet-b3--efficientnet-b3-autoaug--inceptionresnetv2--inceptionv4,0.8597062658968543,0.1100780650002078,0.7496281995739478,0.82658,0.0401259846760383,122989768.0,"{'model_scores': [8, 8, 8, 8], 'model_names': ['efficientnet-b3', 'efficientnet-b3-autoaug', 'inceptionresnetv2', 'inceptionv4']}",4,het,8,78720,imagenet,
1,efficientnet-b3-autoaug--polynet--se_resnext101_32x4d--senet154,0.857255058530994,0.1446996747035326,0.7125553831272164,0.8333,0.0486887069120245,271644256.0,"{'model_scores': [8, 8, 8, 8], 'model_names': ['efficientnet-b3-autoaug', 'polynet', 'se_resnext101_32x4d', 'senet154']}",4,het,8,78720,imagenet,
1,efficientnet-b3-autoaug--inceptionresnetv2--polynet--se_resnext101_32x4d,0.8585912834147147,0.1493831019804349,0.7092081807340287,0.83156,0.0509261761790715,212398736.0,"{'model_scores': [8, 8, 8, 8], 'model_names': ['efficientnet-b3-autoaug', 'inceptionresnetv2', 'polynet', 'se_resnext101_32x4d']}",4,het,8,78720,imagenet,
1,efficientnet-b3-autoaug--inceptionv4--polynet--se_resnext101_32x4d,0.8601183138879048,0.1518276055170516,0.7082907076706006,0.8324,0.0516234362234511,199235088.0,"{'model_scores': [8, 8, 8, 8], 'model_names': ['efficientnet-b3-autoaug', 'inceptionv4', 'polynet', 'se_resnext101_32x4d']}",4,het,8,78720,imagenet,
1,inceptionresnetv2--polynet--se_resnext101_32x4d--senet154,0.8473481529937509,0.1503057250190428,0.6970424279747058,0.83172,0.049584235444379,315254488.0,"{'model_scores': [8, 8, 8, 8], 'model_names': ['inceptionresnetv2', 'polynet', 'se_resnext101_32x4d', 'senet154']}",4,het,8,78720,imagenet,
1,efficientnet-b3--inceptionv4--se_resnext101_32x4d--senet154,0.8531844230486328,0.1190230082684067,0.7341614141577663,0.8313,0.0414371475509481,218957472.0,"{'model_scores': [8, 8, 8, 8], 'model_names': ['efficientnet-b3', 'inceptionv4', 'se_resnext101_32x4d', 'senet154']}",4,het,8,78720,imagenet,
1,inceptionresnetv2--inceptionv4--se_resnext101_32x4d--senet154,0.8466699112265234,0.1238245256474214,0.7228453855790978,0.82996,0.0431113018126501,262567704.0,"{'model_scores': [8, 8, 8, 8], 'model_names': ['inceptionresnetv2', 'inceptionv4', 'se_resnext101_32x4d', 'senet154']}",4,het,8,78720,imagenet,
2,efficientnet-b2-autoaug--resnext101_32x8d--resnext50_32x4d--wide_resnet50_2,0.9070148828024572,0.174249487978586,0.7327653941884744,0.81398,0.0537106881533314,191813498.0,"{'model_scores': [8, 8, 7, 8], 'model_names': ['efficientnet-b2-autoaug', 'resnext101_32x8d', 'resnext50_32x4d', 'wide_resnet50_2']}",4,het,8,78720,imagenet,
2,resnext101_64x4d--deepens_resnet50--deepens_resnet50--deepens_resnet50,0.9321940822008594,0.1451296832745872,0.7870643968342675,0.7989,0.0493793677224033,160126392.0,"{'model_scores': [8, 7, 7, 7], 'model_names': ['resnext101_64x4d', 'deepens_resnet50', 'deepens_resnet50', 'deepens_resnet50']}",4,het,8,78720,imagenet,
2,densenet169--resnext101_32x8d--resnext50_32x4d--se_resnext50_32x4d,0.940011926775982,0.1890956296130915,0.7509162971628958,0.80984,0.0596693606104156,155529640.0,"{'model_scores': [7, 8, 7, 8], 'model_names': ['densenet169', 'resnext101_32x8d', 'resnext50_32x4d', 'se_resnext50_32x4d']}",4,het,8,78720,imagenet,
2,densenet169--resnext101_64x4d--resnext50_32x4d--deepens_resnet50,0.9435049048788432,0.1687108918983829,0.7747940123022314,0.8014,0.0559424368697636,148190712.0,"{'model_scores': [7, 8, 7, 7], 'model_names': ['densenet169', 'resnext101_64x4d', 'resnext50_32x4d', 'deepens_resnet50']}",4,het,8,78720,imagenet,
2,resnext101_32x8d--deepens_resnet50--deepens_resnet50--deepens_resnet50,0.9405209750971594,0.1544087212218496,0.7861122517833099,0.79968,0.0510731672556807,165462456.0,"{'model_scores': [8, 7, 7, 7], 'model_names': ['resnext101_32x8d', 'deepens_resnet50', 'deepens_resnet50', 'deepens_resnet50']}",4,het,8,78720,imagenet,
2,FixResNet50_v2--resnext101_64x4d--wide_resnet50_2--deepens_resnet50,0.8865978321992517,0.1622047062398346,0.7243931245644022,0.81234,0.0539178043874466,203452600.0,"{'model_scores': [8, 8, 8, 7], 'model_names': ['FixResNet50_v2', 'resnext101_64x4d', 'wide_resnet50_2', 'deepens_resnet50']}",4,het,8,78720,imagenet,
2,efficientnet-b2-autoaug--resnext101_32x8d--se_resnext50_32x4d--wide_resnet50_2,0.8958821411640097,0.1702958856625369,0.7255862548660823,0.81856,0.0535822918775959,194344490.0,"{'model_scores': [8, 8, 8, 8], 'model_names': ['efficientnet-b2-autoaug', 'resnext101_32x8d', 'se_resnext50_32x4d', 'wide_resnet50_2']}",4,het,8,78720,imagenet,
2,FixResNet50_v2--resnext101_64x4d--resnext50_32x4d--deepens_resnet50,0.9023853180535324,0.1694384858850998,0.7329468307801471,0.80928,0.0546475412714142,159598264.0,"{'model_scores': [8, 8, 7, 7], 'model_names': ['FixResNet50_v2', 'resnext101_64x4d', 'resnext50_32x4d', 'deepens_resnet50']}",4,het,8,78720,imagenet,
2,FixResNet50_v2--efficientnet-b2-autoaug--resnext101_64x4d--se_resnext50_32x4d,0.8736331476637104,0.1595619769165956,0.7140711694269634,0.82258,0.0533675682563106,145682218.0,"{'model_scores': [8, 8, 8, 8], 'model_names': ['FixResNet50_v2', 'efficientnet-b2-autoaug', 'resnext101_64x4d', 'se_resnext50_32x4d']}",4,het,8,78720,imagenet,
2,FixResNet50_v2--efficientnet-b2-autoaug--resnext101_32x8d--se_resnext50_32x4d,0.8819600405600105,0.1711400657008479,0.7108199735390174,0.82262,0.0549007551338516,151018282.0,"{'model_scores': [8, 8, 8, 8], 'model_names': ['FixResNet50_v2', 'efficientnet-b2-autoaug', 'resnext101_32x8d', 'se_resnext50_32x4d']}",4,het,8,78720,imagenet,
2,efficientnet-b2-autoaug--resnext101_64x4d--se_resnext50_32x4d--deepens_resnet50,0.9041853678521764,0.1594132981990446,0.74477206831422,0.8148,0.0533815752979298,145682218.0,"{'model_scores': [8, 8, 8, 7], 'model_names': ['efficientnet-b2-autoaug', 'resnext101_64x4d', 'se_resnext50_32x4d', 'deepens_resnet50']}",4,het,8,78720,imagenet,
3,mnasnet0_5--vgg11_bn--vgg19--deepens_resnet101,1.2080939899114702,0.18655741118556,1.0215365778400571,0.74754,0.0605687983767931,323303776.0,"{'model_scores': [7, 7, 7, 7], 'model_names': ['mnasnet0_5', 'vgg11_bn', 'vgg19', 'deepens_resnet101']}",4,het,8,78720,imagenet,
3,vgg13--vgg19_bn--deepens_resnet101--deepens_resnet101,1.130760532207549,0.1483427938553576,0.982417736762278,0.75424,0.0499846658372577,365824440.0,"{'model_scores': [7, 7, 7, 7], 'model_names': ['vgg13', 'vgg19_bn', 'deepens_resnet101', 'deepens_resnet101']}",4,het,8,78720,imagenet,
3,vgg16--deepens_resnet101--deepens_resnet101--deepens_resnet101,1.1303352516556262,0.1236181696619658,1.006717079447758,0.7454,0.0416238616748633,272005048.0,"{'model_scores': [7, 7, 7, 7], 'model_names': ['vgg16', 'deepens_resnet101', 'deepens_resnet101', 'deepens_resnet101']}",4,het,8,78720,imagenet,
3,mnasnet0_5--vgg19--deepens_resnet101--deepens_resnet101,1.186968952127251,0.1767196097099783,1.0102493408273563,0.7501,0.0579530509777296,234984096.0,"{'model_scores': [7, 7, 7, 7], 'model_names': ['mnasnet0_5', 'vgg19', 'deepens_resnet101', 'deepens_resnet101']}",4,het,8,78720,imagenet,
3,mnasnet0_5--vgg19_bn--deepens_resnet101--deepens_resnet101,1.1699061314322232,0.1777346946015228,0.9921714349888544,0.75306,0.0587609488428828,234995104.0,"{'model_scores': [7, 7, 7, 7], 'model_names': ['mnasnet0_5', 'vgg19_bn', 'deepens_resnet101', 'deepens_resnet101']}",4,het,8,78720,imagenet,
3,mnasnet0_5--vgg11_bn--vgg13--vgg19,1.22669610932928,0.1751954436102182,1.0515006657190626,0.74038,0.0564687681439548,411802464.0,"{'model_scores': [7, 7, 7, 7], 'model_names': ['mnasnet0_5', 'vgg11_bn', 'vgg13', 'vgg19']}",4,het,8,78720,imagenet,
3,mobilenet_v2--vgg13--vgg19--deepens_resnet101,1.1491821427719229,0.1560749134005516,0.9931072286673136,0.75272,0.0523115705852343,324769144.0,"{'model_scores': [7, 7, 7, 7], 'model_names': ['mobilenet_v2', 'vgg13', 'vgg19', 'deepens_resnet101']}",4,het,8,78720,imagenet,
3,mnasnet0_5--mobilenet_v2--vgg13--deepens_resnet101,1.2172580685049856,0.1839615467391112,1.0332965210055547,0.74514,0.0599152614608295,183320416.0,"{'model_scores': [7, 7, 7, 7], 'model_names': ['mnasnet0_5', 'mobilenet_v2', 'vgg13', 'deepens_resnet101']}",4,het,8,78720,imagenet,
3,vgg11_bn--vgg19_bn--deepens_resnet101--deepens_resnet101,1.119520571205625,0.1376397700850729,0.9818807996561626,0.75288,0.0467664956194828,365645432.0,"{'model_scores': [7, 7, 7, 7], 'model_names': ['vgg11_bn', 'vgg19_bn', 'deepens_resnet101', 'deepens_resnet101']}",4,het,8,78720,imagenet,
3,mnasnet0_5--mobilenet_v2--vgg19_bn--deepens_resnet101,1.1700941562447111,0.1872673194359495,0.9828268358527692,0.75712,0.0615566283956087,193950816.0,"{'model_scores': [7, 7, 7, 7], 'model_names': ['mnasnet0_5', 'mobilenet_v2', 'vgg19_bn', 'deepens_resnet101']}",4,het,8,78720,imagenet,
3,mnasnet0_5--vgg16--vgg19_bn--deepens_resnet101,1.1770573163018705,0.1900673726799333,0.986989942736081,0.75594,0.0624236937751254,328803488.0,"{'model_scores': [7, 7, 7, 7], 'model_names': ['mnasnet0_5', 'vgg16', 'vgg19_bn', 'deepens_resnet101']}",4,het,8,78720,imagenet,
4,alexnet--resnet50-vtab-semi-rotation--deepens_alexnet--deepens_alexnet,2.040375485449532,0.3759187012089209,1.6644567796520962,0.62954,0.0912470596174882,208905526.0,"{'model_scores': [6, 6, 5, 5], 'model_names': ['alexnet', 'resnet50-vtab-semi-rotation', 'deepens_alexnet', 'deepens_alexnet']}",4,het,8,78720,imagenet,
4,alexnet--squeezenet1_0--deepens_alexnet--deepens_alexnet,2.0795719304665496,0.2890108273570242,1.790561099854096,0.60288,0.0700707039163394,184550968.0,"{'model_scores': [6, 6, 5, 5], 'model_names': ['alexnet', 'squeezenet1_0', 'deepens_alexnet', 'deepens_alexnet']}",4,het,8,78720,imagenet,
4,resnet50-vtab-semi-exemplar--deepens_alexnet--deepens_alexnet--deepens_alexnet,2.1118052005767822,0.3836179673671722,1.728187166663429,0.61916,0.085485354065895,210946330.0,"{'model_scores': [6, 5, 5, 5], 'model_names': ['resnet50-vtab-semi-exemplar', 'deepens_alexnet', 'deepens_alexnet', 'deepens_alexnet']}",4,het,8,78720,imagenet,
4,alexnet--resnet50-vtab-semi-exemplar--resnet50-vtab-semi-rotation--shufflenet_v2_x0_5,1.7679983295837345,0.3709654073993843,1.397032919903711,0.67912,0.1041997280423246,115714424.0,"{'model_scores': [6, 6, 6, 6], 'model_names': ['alexnet', 'resnet50-vtab-semi-exemplar', 'resnet50-vtab-semi-rotation', 'shufflenet_v2_x0_5']}",4,het,8,78720,imagenet,
4,resnet50-vtab-semi-exemplar--squeezenet1_1--deepens_alexnet--deepens_alexnet,2.008923699873137,0.3907467975511646,1.618176898366657,0.6454,0.0952498246943797,151080986.0,"{'model_scores': [6, 6, 5, 5], 'model_names': ['resnet50-vtab-semi-exemplar', 'squeezenet1_1', 'deepens_alexnet', 'deepens_alexnet']}",4,het,8,78720,imagenet,
4,alexnet--deepens_alexnet--deepens_alexnet--deepens_alexnet,2.1908818186436947,0.2111515201672401,1.979730293766176,0.56168,0.0525670800473325,244403384.0,"{'model_scores': [6, 5, 5, 5], 'model_names': ['alexnet', 'deepens_alexnet', 'deepens_alexnet', 'deepens_alexnet']}",4,het,8,78720,imagenet,
4,alexnet--resnet50-vtab-semi-rotation--shufflenet_v2_x0_5--deepens_alexnet,1.910443728167354,0.3843095277249035,1.5261341977050376,0.65674,0.1016587106257384,149171478.0,"{'model_scores': [6, 6, 6, 5], 'model_names': ['alexnet', 'resnet50-vtab-semi-rotation', 'shufflenet_v2_x0_5', 'deepens_alexnet']}",4,het,8,78720,imagenet,
4,squeezenet1_0--squeezenet1_1--deepens_alexnet--deepens_alexnet,2.0460659643019365,0.2928863168733124,1.7531796444448955,0.61348,0.0729744953244954,124685624.0,"{'model_scores': [6, 6, 5, 5], 'model_names': ['squeezenet1_0', 'squeezenet1_1', 'deepens_alexnet', 'deepens_alexnet']}",4,het,8,78720,imagenet,
4,resnet50-vtab-semi-exemplar--squeezenet1_1--deepens_alexnet--deepens_alexnet,2.0171623392827094,0.3931504570387474,1.6240118779560708,0.64628,0.0960424172579953,151080986.0,"{'model_scores': [6, 6, 5, 5], 'model_names': ['resnet50-vtab-semi-exemplar', 'squeezenet1_1', 'deepens_alexnet', 'deepens_alexnet']}",4,het,8,78720,imagenet,
4,resnet50-vtab-semi-exemplar--resnet50-vtab-semi-rotation--shufflenet_v2_x0_5--deepens_alexnet,1.8623007991437872,0.4118150807232875,1.4504857147115426,0.67502,0.113845159646988,115714424.0,"{'model_scores': [6, 6, 6, 5], 'model_names': ['resnet50-vtab-semi-exemplar', 'resnet50-vtab-semi-rotation', 'shufflenet_v2_x0_5', 'deepens_alexnet']}",4,het,8,78720,imagenet,
4,shufflenet_v2_x0_5--squeezenet1_0--deepens_alexnet--deepens_alexnet,2.034163595015427,0.3381974478582302,1.6959661441734364,0.62842,0.0851549791302199,124816920.0,"{'model_scores': [6, 6, 5, 5], 'model_names': ['shufflenet_v2_x0_5', 'squeezenet1_0', 'deepens_alexnet', 'deepens_alexnet']}",4,het,8,78720,imagenet,
1,efficientnet-b1-autoaug--efficientnet-b5-autoaug--efficientnet-b6-autoaug--se_resnext50_32x4d,1.3535971813002436,0.1817355847982914,1.171861593371386,0.7376,0.0519544500013442,,"{'model_scores': [7, 7, 7, 7], 'model_names': ['efficientnet-b1-autoaug', 'efficientnet-b5-autoaug', 'efficientnet-b6-autoaug', 'se_resnext50_32x4d']}",4,het,3,55311,imagenetv2mf,108784592.0
1,efficientnet-b1-autoaug--efficientnet-b2-autoaug--efficientnet-b6-autoaug--se_resnext50_32x4d,1.4051256469408993,0.1944046589049252,1.2107209846094278,0.7248,0.0520516785203879,,"{'model_scores': [7, 7, 7, 7], 'model_names': ['efficientnet-b1-autoaug', 'efficientnet-b2-autoaug', 'efficientnet-b6-autoaug', 'se_resnext50_32x4d']}",4,het,3,55311,imagenetv2mf,87504802.0
1,efficientnet-b1-autoaug--efficientnet-b2-autoaug--efficientnet-b4-autoaug--polynet,1.4389325241206234,0.2175850802075409,1.2213474403884477,0.7249,0.0611876000428497,,"{'model_scores': [7, 7, 7, 7], 'model_names': ['efficientnet-b1-autoaug', 'efficientnet-b2-autoaug', 'efficientnet-b4-autoaug', 'polynet']}",4,het,3,55311,imagenetv2mf,131612418.0
1,efficientnet-b2-autoaug--efficientnet-b5-autoaug--efficientnet-b6-autoaug--se_resnext50_32x4d,1.3348876449475833,0.1742481136516482,1.1606395278780983,0.7372,0.0494181078633137,,"{'model_scores': [7, 7, 7, 7], 'model_names': ['efficientnet-b2-autoaug', 'efficientnet-b5-autoaug', 'efficientnet-b6-autoaug', 'se_resnext50_32x4d']}",4,het,3,55311,imagenetv2mf,110100402.0
1,efficientnet-b1-autoaug--efficientnet-b2-autoaug--efficientnet-b5-autoaug--se_resnext50_32x4d,1.4063882681822648,0.1872410174773144,1.219147247045345,0.7245,0.0515925182630197,,"{'model_scores': [7, 7, 7, 7], 'model_names': ['efficientnet-b1-autoaug', 'efficientnet-b2-autoaug', 'efficientnet-b5-autoaug', 'se_resnext50_32x4d']}",4,het,3,55311,imagenetv2mf,74853882.0
1,FixResNet50_v2--efficientnet-b1-autoaug--efficientnet-b2-autoaug--inceptionresnetv2,1.4394988551286707,0.2019073688066509,1.2375914830442882,0.7149,0.0589590144205476,,"{'model_scores': [7, 7, 7, 7], 'model_names': ['FixResNet50_v2', 'efficientnet-b1-autoaug', 'efficientnet-b2-autoaug', 'inceptionresnetv2']}",4,het,3,55311,imagenetv2mf,98304698.0
1,FixResNet50_v2--efficientnet-b1-autoaug--polynet--se_resnet152,1.478858079513664,0.2719839901890883,1.2068740874611366,0.7184,0.0745198466879711,,"{'model_scores': [7, 7, 7, 7], 'model_names': ['FixResNet50_v2', 'efficientnet-b1-autoaug', 'polynet', 'se_resnet152']}",4,het,3,55311,imagenetv2mf,195539688.0
1,efficientnet-b4-autoaug--efficientnet-b5-autoaug--efficientnet-b6-autoaug--se_resnext50_32x4d,1.317029339271622,0.1541097109897438,1.1629196252950005,0.7431,0.0462073782595047,,"{'model_scores': [7, 7, 7, 7], 'model_names': ['efficientnet-b4-autoaug', 'efficientnet-b5-autoaug', 'efficientnet-b6-autoaug', 'se_resnext50_32x4d']}",4,het,3,55311,imagenetv2mf,120332024.0
1,FixResNet50_v2--efficientnet-b4-autoaug--se_resnet152--se_resnext50_32x4d,1.443416141511378,0.2261637256098972,1.2172524141817251,0.7203,0.0646495657238777,,"{'model_scores': [7, 7, 7, 7], 'model_names': ['FixResNet50_v2', 'efficientnet-b4-autoaug', 'se_resnet152', 'se_resnext50_32x4d']}",4,het,3,55311,imagenetv2mf,139280416.0
1,efficientnet-b2-autoaug--inceptionresnetv2--resnext101_32x8d--se_resnext50_32x4d,1.4921172821620814,0.267466079111359,1.224651201636431,0.7174,0.0722858694104398,,"{'model_scores': [7, 7, 7, 7], 'model_names': ['efficientnet-b2-autoaug', 'inceptionresnetv2', 'resnext101_32x8d', 'se_resnext50_32x4d']}",4,het,3,55311,imagenetv2mf,181304714.0
1,efficientnet-b1-autoaug--efficientnet-b5-autoaug--se_resnet152--se_resnext50_32x4d,1.4240285169018527,0.2043428926276597,1.2196856220288752,0.725,0.0564393638762458,,"{'model_scores': [7, 7, 7, 7], 'model_names': ['efficientnet-b1-autoaug', 'efficientnet-b5-autoaug', 'se_resnet152', 'se_resnext50_32x4d']}",4,het,3,55311,imagenetv2mf,132565736.0
2,densenet121--efficientnet-b0-autoaug--wide_resnet101_2--deepens_resnet50,1.6066470324341635,0.6091984418171881,0.9974485882083324,0.7547,0.1526614341174942,,"{'model_scores': [6, 6, 6, 6], 'model_names': ['densenet121', 'efficientnet-b0-autoaug', 'wide_resnet101_2', 'deepens_resnet50']}",4,het,3,55311,imagenetv2mf,165711156.0
2,fbresnet152--mnasnet1_0--resnet34--wide_resnet101_2,1.6585235210970644,0.2801468794614362,1.378376641635626,0.677,0.0808557097863409,,"{'model_scores': [6, 6, 6, 6], 'model_names': ['fbresnet152', 'mnasnet1_0', 'resnet34', 'wide_resnet101_2']}",4,het,3,55311,imagenetv2mf,213336224.0
2,efficientnet-b0-autoaug--resnet34--wide_resnet101_2--deepens_resnet50,1.6209693627564823,0.6182065422939655,1.0027628180538823,0.7523,0.1545713031077752,,"{'model_scores': [6, 6, 6, 6], 'model_names': ['efficientnet-b0-autoaug', 'resnet34', 'wide_resnet101_2', 'deepens_resnet50']}",4,het,3,55311,imagenetv2mf,179529972.0
2,fbresnet152--resnet34--vgg19_bn--deepens_resnet50,1.6535684778906434,0.6489470922702807,1.00462138419882,0.7409,0.1596070802035856,,"{'model_scores': [6, 6, 6, 6], 'model_names': ['fbresnet152', 'resnet34', 'vgg19_bn', 'deepens_resnet50']}",4,het,3,55311,imagenetv2mf,251301496.0
2,mnasnet1_0--squeezenet1_1--wide_resnet101_2--deepens_alexnet,2.265783330160448,0.8662276559849607,1.399555672374103,0.6889,0.1890126402937854,,"{'model_scores': [6, 5, 6, 4], 'model_names': ['mnasnet1_0', 'squeezenet1_1', 'wide_resnet101_2', 'deepens_alexnet']}",4,het,3,55311,imagenetv2mf,193606368.0
2,densenet121--vgg19_bn--wide_resnet101_2--deepens_alexnet,2.000376733435847,0.7355996904507006,1.264777041183759,0.7015,0.1740158182233838,,"{'model_scores': [6, 6, 6, 4], 'model_names': ['densenet121', 'vgg19_bn', 'wide_resnet101_2', 'deepens_alexnet']}",4,het,3,55311,imagenetv2mf,339644664.0
2,alexnet--efficientnet-b0-autoaug--wide_resnet101_2--deepens_alexnet,2.234660178967109,0.8306909391780446,1.4039692370005734,0.6984,0.1753525008656661,,"{'model_scores': [4, 6, 6, 4], 'model_names': ['alexnet', 'efficientnet-b0-autoaug', 'wide_resnet101_2', 'deepens_alexnet']}",4,het,3,55311,imagenetv2mf,254376948.0
2,densenet121--mnasnet1_0--vgg19_bn--wide_resnet101_2,1.682839820014812,0.2912750719312433,1.3915647480835698,0.6746,0.0816913178230439,,"{'model_scores': [6, 6, 6, 6], 'model_names': ['densenet121', 'mnasnet1_0', 'vgg19_bn', 'wide_resnet101_2']}",4,het,3,55311,imagenetv2mf,282927136.0
2,densenet121--fbresnet152--resnet34--wide_resnet101_2,1.6246841821583844,0.2566452858002041,1.3680388963581842,0.6788,0.0753768061636261,,"{'model_scores': [6, 6, 6, 6], 'model_names': ['densenet121', 'fbresnet152', 'resnet34', 'wide_resnet101_2']}",4,het,3,55311,imagenetv2mf,216931768.0
2,efficientnet-b0-autoaug--resnet34--squeezenet1_1--deepens_alexnet,2.264289793192549,0.7721189701443888,1.4921708202596733,0.6709,0.1565915623942764,,"{'model_scores': [6, 6, 5, 4], 'model_names': ['efficientnet-b0-autoaug', 'resnet34', 'squeezenet1_1', 'deepens_alexnet']}",4,het,3,55311,imagenetv2mf,89422580.0
2,alexnet--squeezenet1_1--vgg19_bn--wide_resnet101_2,2.146837550297044,0.5466913631566734,1.6001461871403733,0.6556,0.1331278647739393,,"{'model_scores': [4, 5, 6, 6], 'model_names': ['alexnet', 'squeezenet1_1', 'vgg19_bn', 'wide_resnet101_2']}",4,het,3,55311,imagenetv2mf,332901304.0
0,efficientnet-b4--efficientnet-b5--efficientnet-b5-autoaug--efficientnet-b6-autoaug,1.2817846536636353,0.0937271416187286,1.1880575603328645,0.7452,0.0293860509991645,,"{'model_scores': [7, 7, 7, 7], 'model_names': ['efficientnet-b4', 'efficientnet-b5', 'efficientnet-b5-autoaug', 'efficientnet-b6-autoaug']}",4,het,6,75470,imagenetv2mf,123161912.0
0,efficientnet-b3-autoaug--efficientnet-b5--efficientnet-b6-autoaug--senet154,1.3184354359447636,0.1456176012746336,1.172817831913435,0.7439,0.0420439398736443,,"{'model_scores': [7, 7, 7, 7], 'model_names': ['efficientnet-b3-autoaug', 'efficientnet-b5', 'efficientnet-b6-autoaug', 'senet154']}",4,het,6,75470,imagenetv2mf,200752728.0
0,efficientnet-b3-autoaug--efficientnet-b5-autoaug--efficientnet-b6-autoaug--efficientnet-b7-autoaug,1.2619035243988037,0.1035152599215507,1.1583882658315825,0.7498,0.0300153866410255,,"{'model_scores': [7, 7, 7, 7], 'model_names': ['efficientnet-b3-autoaug', 'efficientnet-b5-autoaug', 'efficientnet-b6-autoaug', 'efficientnet-b7-autoaug']}",4,het,6,75470,imagenetv2mf,152011704.0
0,efficientnet-b4-autoaug--efficientnet-b5--efficientnet-b5-autoaug--senet154,1.302161641001122,0.1280226482594707,1.174138989754254,0.7433,0.0390855349035178,,"{'model_scores': [7, 7, 7, 7], 'model_names': ['efficientnet-b4-autoaug', 'efficientnet-b5', 'efficientnet-b5-autoaug', 'senet154']}",4,het,6,75470,imagenetv2mf,195210192.0
0,efficientnet-b3-autoaug--efficientnet-b4-autoaug--efficientnet-b5-randaug--senet154,1.3451665857525863,0.1456012962766009,1.1995652866308504,0.7389,0.0433010477987989,,"{'model_scores': [7, 7, 7, 7], 'model_names': ['efficientnet-b3-autoaug', 'efficientnet-b4-autoaug', 'efficientnet-b5-randaug', 'senet154']}",4,het,6,75470,imagenetv2mf,177053640.0
0,efficientnet-b3-autoaug--efficientnet-b4--efficientnet-b6-autoaug--senet154,1.3622613911990316,0.1539362759458351,1.2083251120508298,0.7415,0.0452065366376474,,"{'model_scores': [7, 7, 7, 7], 'model_names': ['efficientnet-b3-autoaug', 'efficientnet-b4', 'efficientnet-b6-autoaug', 'senet154']}",4,het,6,75470,imagenetv2mf,189704560.0
0,efficientnet-b5--efficientnet-b5-randaug--efficientnet-b6-autoaug--nasnetalarge,1.2629973280135047,0.1320785575064302,1.1309187678599553,0.7491,0.0395198860045149,,"{'model_scores': [7, 7, 7, 7], 'model_names': ['efficientnet-b5', 'efficientnet-b5-randaug', 'efficientnet-b6-autoaug', 'nasnetalarge']}",4,het,6,75470,imagenetv2mf,192573446.0
0,efficientnet-b4-autoaug--efficientnet-b5--efficientnet-b5-autoaug--nasnetalarge,1.2919315796428854,0.1298905433960002,1.1620410332594886,0.7462,0.0405756249963504,,"{'model_scores': [7, 7, 7, 7], 'model_names': ['efficientnet-b4-autoaug', 'efficientnet-b5', 'efficientnet-b5-autoaug', 'nasnetalarge']}",4,het,6,75470,imagenetv2mf,168874358.0
0,FixPNASNet--efficientnet-b3-autoaug--efficientnet-b6-autoaug--senet154,1.3212813488522803,0.20054220422173,1.1207391415507473,0.7503,0.0615066419735335,,"{'model_scores': [7, 7, 7, 7], 'model_names': ['FixPNASNet', 'efficientnet-b3-autoaug', 'efficientnet-b6-autoaug', 'senet154']}",4,het,6,75470,imagenetv2mf,256420612.0
0,efficientnet-b3-autoaug--efficientnet-b6-autoaug--nasnetalarge--senet154,1.3374754882658422,0.1791391597148829,1.15833632668003,0.7439,0.0525737909797357,,"{'model_scores': [7, 7, 7, 7], 'model_names': ['efficientnet-b3-autoaug', 'efficientnet-b6-autoaug', 'nasnetalarge', 'senet154']}",4,het,6,75470,imagenetv2mf,259116094.0
0,efficientnet-b4--efficientnet-b5--efficientnet-b5-randaug--nasnetalarge,1.3222860654840545,0.1444158925441419,1.17787016984659,0.7428,0.0457900581639532,,"{'model_scores': [7, 7, 7, 7], 'model_names': ['efficientnet-b4', 'efficientnet-b5', 'efficientnet-b5-randaug', 'nasnetalarge']}",4,het,6,75470,imagenetv2mf,168874358.0
1,resnet50-vtab--resnext101_64x4d--shufflenet_v2_x0_5--deepens_resnet101,1.9152443316451075,0.811425737712376,1.1038185912099483,0.7349,0.1883096012029313,,"{'model_scores': [6, 7, 5, 6], 'model_names': ['resnet50-vtab', 'resnext101_64x4d', 'shufflenet_v2_x0_5', 'deepens_resnet101']}",4,het,6,75470,imagenetv2mf,154966034.0
1,mnasnet1_0--resnet50-vtab--resnext101_64x4d--deepens_alexnet,2.052849152479289,0.7795204139449037,1.2733287348770284,0.7001,0.1804613525747702,,"{'model_scores': [6, 6, 7, 4], 'model_names': ['mnasnet1_0', 'resnet50-vtab', 'resnext101_64x4d', 'deepens_alexnet']}",4,het,6,75470,imagenetv2mf,174534234.0
1,FixResNet50--inceptionv4--mnasnet1_0--resnext101_64x4d,1.5603769361261344,0.3114076205088699,1.2489693147990146,0.7046,0.0848488950105244,,"{'model_scores': [7, 7, 6, 7], 'model_names': ['FixResNet50', 'inceptionv4', 'mnasnet1_0', 'resnext101_64x4d']}",4,het,6,75470,imagenetv2mf,156075456.0
1,inceptionv4--mnasnet1_0--resnet101--resnet50-vtab,1.6229680222522689,0.2905021930258803,1.3324658277168808,0.6899,0.0804622154131082,,"{'model_scores': [7, 6, 6, 6], 'model_names': ['inceptionv4', 'mnasnet1_0', 'resnet101', 'resnet50-vtab']}",4,het,6,75470,imagenetv2mf,117207098.0
1,densenet169--inceptionv4--resnet50-vtab--deepens_resnet50,1.5998001220721825,0.6438618610280795,0.95593825840963,0.7512,0.1578941298506508,,"{'model_scores': [6, 7, 6, 6], 'model_names': ['densenet169', 'inceptionv4', 'resnet50-vtab', 'deepens_resnet50']}",4,het,6,75470,imagenetv2mf,107981138.0
1,FixResNet50--inceptionv4--resnet50-vtab--resnext101_64x4d,1.5241630235674206,0.2842323448929775,1.2399306763466809,0.7052,0.0761068889849965,,"{'model_scores': [7, 7, 6, 7], 'model_names': ['FixResNet50', 'inceptionv4', 'resnet50-vtab', 'resnext101_64x4d']}",4,het,6,75470,imagenetv2mf,177286930.0
1,inceptionv4--mnasnet1_0--resnext101_64x4d--deepens_alexnet,1.9889134988983528,0.7732427340953592,1.2156707626551506,0.7176,0.1836282999503781,,"{'model_scores': [7, 6, 7, 4], 'model_names': ['inceptionv4', 'mnasnet1_0', 'resnext101_64x4d', 'deepens_alexnet']}",4,het,6,75470,imagenetv2mf,191619264.0
1,FixResNet50--densenet169--resnet50-vtab--deepens_resnet101,1.6496391633782104,0.6298308210297426,1.0198083388074384,0.7339,0.1535990145259013,,"{'model_scores': [7, 6, 6, 6], 'model_names': ['FixResNet50', 'densenet169', 'resnet50-vtab', 'deepens_resnet101']}",4,het,6,75470,imagenetv2mf,109850482.0
1,densenet169--resnext101_64x4d--shufflenet_v2_x0_5--deepens_resnet101,1.9212819632850917,0.8194605739085007,1.101821388163317,0.735,0.1912425672958367,,"{'model_scores': [6, 7, 5, 6], 'model_names': ['densenet169', 'resnext101_64x4d', 'shufflenet_v2_x0_5', 'deepens_resnet101']}",4,het,6,75470,imagenetv2mf,143520728.0
1,densenet169--resnet50-vtab--shufflenet_v2_x0_5--deepens_alexnet,2.2876153773422745,0.8665163984441562,1.421098975240766,0.6749,0.18838726562286,,"{'model_scores': [6, 6, 5, 4], 'model_names': ['densenet169', 'resnet50-vtab', 'shufflenet_v2_x0_5', 'deepens_alexnet']}",4,het,6,75470,imagenetv2mf,102211922.0
1,FixResNet50--densenet169--resnet101--deepens_resnet50,1.5819673331087114,0.6348013856011103,0.9471659455643856,0.748,0.1579212752339235,,"{'model_scores': [7, 6, 6, 6], 'model_names': ['FixResNet50', 'densenet169', 'resnet101', 'deepens_resnet50']}",4,het,6,75470,imagenetv2mf,109812728.0
3,efficientnet-b5-autoaug--efficientnet-b5-randaug--resnext101_64x4d--senet154,1.3497363840837406,0.20856864174497056,1.1411677403443568,0.7389,0.05805193493485217,,"{'model_scores': [7, 7, 7, 7], 'model_names': ['efficientnet-b5-autoaug', 'efficientnet-b5-randaug', 'resnext101_64x4d', 'senet154']}",4,het,8,66719,imagenetv2mf,259323848.0
3,efficientnet-b2--efficientnet-b5-autoaug--pnasnet5large--senet154,1.3788030050677047,0.18680188280224327,1.1920011199931368,0.7406,0.053483158146720736,,"{'model_scores': [7, 7, 7, 7], 'model_names': ['efficientnet-b2', 'efficientnet-b5-autoaug', 'pnasnet5large', 'senet154']}",4,het,8,66719,imagenetv2mf,240646454.0
3,pnasnet5large--resnext101_64x4d--se_resnext101_32x4d--senet154,1.435410964682122,0.23458104313433986,1.2008299215477873,0.7287,0.06396563779426258,,"{'model_scores': [7, 7, 7, 7], 'model_names': ['pnasnet5large', 'resnext101_64x4d', 'se_resnext101_32x4d', 'senet154']}",4,het,8,66719,imagenetv2mf,333557364.0
3,efficientnet-b5-autoaug--pnasnet5large--polynet--resnext101_64x4d,1.4106287531662578,0.2689544925941514,1.1416742594538056,0.7341,0.06924240797029894,,"{'model_scores': [7, 7, 7, 7], 'model_names': ['efficientnet-b5-autoaug', 'pnasnet5large', 'polynet', 'resnext101_64x4d']}",4,het,8,66719,imagenetv2mf,295269348.0
3,FixResNet50_no_adaptation--efficientnet-b2--efficientnet-b5-randaug--se_resnext101_32x4d,1.4504674069711132,0.23173903341168517,1.2187283705175975,0.7254,0.06392931229816992,,"{'model_scores': [6, 7, 7, 7], 'model_names': ['FixResNet50_no_adaptation', 'efficientnet-b2', 'efficientnet-b5-randaug', 'se_resnext101_32x4d']}",4,het,8,66719,imagenetv2mf,114012250.0
3,efficientnet-b2--efficientnet-b5-randaug--se_resnext101_32x4d--senet154,1.4011020004219432,0.18875345395502938,1.212348544436777,0.7351,0.053693616054179244,,"{'model_scores': [7, 7, 7, 7], 'model_names': ['efficientnet-b2', 'efficientnet-b5-randaug', 'se_resnext101_32x4d', 'senet154']}",4,het,8,66719,imagenetv2mf,203544202.0
3,pnasnet5large--polynet--se_resnext101_32x4d--senet154,1.4186392813512494,0.24242001198833424,1.1762192693629132,0.7346,0.06593573699267263,,"{'model_scores': [7, 7, 7, 7], 'model_names': ['pnasnet5large', 'polynet', 'se_resnext101_32x4d', 'senet154']}",4,het,8,66719,imagenetv2mf,345468692.0
3,densenet161--pnasnet5large--polynet--senet154,1.4645144950256341,0.28395759820685107,1.1805568968187883,0.7293,0.07610070004649828,,"{'model_scores': [6, 7, 7, 7], 'model_names': ['densenet161', 'pnasnet5large', 'polynet', 'senet154']}",4,het,8,66719,imagenetv2mf,325194276.0
3,efficientnet-b5-randaug--pnasnet5large--polynet--senet154,1.3706510229516184,0.23175811690713335,1.1388929051683678,0.7397,0.06247686972316858,,"{'model_scores': [7, 7, 7, 7], 'model_names': ['efficientnet-b5-randaug', 'pnasnet5large', 'polynet', 'senet154']}",4,het,8,66719,imagenetv2mf,326903060.0
3,FixResNet50_no_adaptation--dpn98--efficientnet-b5-randaug--polynet,1.453859343105572,0.3048758818025415,1.148983459415222,0.7284,0.0805990019773613,,"{'model_scores': [6, 7, 7, 7], 'model_names': ['FixResNet50_no_adaptation', 'dpn98', 'efficientnet-b5-randaug', 'polynet']}",4,het,8,66719,imagenetv2mf,212884168.0
3,densenet161--dpn98--se_resnext101_32x4d--senet154,1.4796693454920502,0.2557303761059242,1.223938969386124,0.7148,0.0700377852781673,,"{'model_scores': [6, 7, 7, 7], 'model_names': ['densenet161', 'dpn98', 'se_resnext101_32x4d', 'senet154']}",4,het,8,66719,imagenetv2mf,254296152.0
4,efficientnet-b0-autoaug--resnet50-vtab--squeezenet1_1--vgg13,1.9547463605296638,0.3695444985169822,1.5852018595160757,0.6491,0.09190085398990566,,"{'model_scores': [6, 6, 5, 6], 'model_names': ['efficientnet-b0-autoaug', 'resnet50-vtab', 'squeezenet1_1', 'vgg13']}",4,het,8,66719,imagenetv2mf,165166702.0
4,densenet121--resnet50-vtab--resnet50-vtab-semi-rotation--squeezenet1_1,2.120884916065382,0.457582577328152,1.6633023356553702,0.6339,0.11470243585175365,,"{'model_scores': [6, 6, 5, 5], 'model_names': ['densenet121', 'resnet50-vtab', 'resnet50-vtab-semi-rotation', 'squeezenet1_1']}",4,het,8,66719,imagenetv2mf,60412144.0
4,densenet121--resnet50-vtab--resnet50-vtab-semi-rotation--vgg13,1.9424681523777956,0.3676569050592395,1.574811244236697,0.6415,0.09695777906359737,,"{'model_scores': [6, 6, 5, 6], 'model_names': ['densenet121', 'resnet50-vtab', 'resnet50-vtab-semi-rotation', 'vgg13']}",4,het,8,66719,imagenetv2mf,192224496.0
4,densenet121--resnet50-vtab--vgg13--deepens_resnet101,1.7575825929742002,0.644817556906808,1.112765033383392,0.7214,0.15223719887313145,,"{'model_scores': [6, 6, 6, 6], 'model_names': ['densenet121', 'resnet50-vtab', 'vgg13', 'deepens_resnet101']}",4,het,8,66719,imagenetv2mf,211170674.0
4,alexnet--squeezenet1_1--deepens_resnet101--deepens_resnet50,2.1812137470434165,0.8543138547204017,1.3268998900235485,0.7112,0.1874058514858884,,"{'model_scores': [4, 5, 6, 6], 'model_names': ['alexnet', 'squeezenet1_1', 'deepens_resnet101', 'deepens_resnet50']}",4,het,8,66719,imagenetv2mf,132442552.0
4,efficientnet-b0-autoaug--resnet50-vtab--shufflenet_v2_x0_5--squeezenet1_1,2.1325927809681224,0.46961962187951606,1.6629731565919952,0.6379,0.10517771171406248,,"{'model_scores': [6, 6, 5, 5], 'model_names': ['efficientnet-b0-autoaug', 'resnet50-vtab', 'shufflenet_v2_x0_5', 'squeezenet1_1']}",4,het,8,66719,imagenetv2mf,33485646.0
4,alexnet--squeezenet1_1--vgg16--deepens_resnet50,2.2000177792644346,0.8771826878112523,1.3228350903282105,0.7118,0.17622594462025046,,"{'model_scores': [4, 5, 6, 6], 'model_names': ['alexnet', 'squeezenet1_1', 'vgg16', 'deepens_resnet50']}",4,het,8,66719,imagenetv2mf,226250936.0
4,alexnet--shufflenet_v2_x0_5--vgg13--deepens_resnet101,2.2572238925660177,0.8573980565458623,1.3998258348456583,0.6789,0.16697801924540862,,"{'model_scores': [4, 5, 6, 6], 'model_names': ['alexnet', 'shufflenet_v2_x0_5', 'vgg13', 'deepens_resnet101']}",4,het,8,66719,imagenetv2mf,240064664.0
4,alexnet--resnet50-vtab--vgg16--deepens_resnet101,1.9973022963994496,0.7835603094508362,1.2137419842646113,0.7149,0.17484078839836176,,"{'model_scores': [4, 6, 6, 6], 'model_names': ['alexnet', 'resnet50-vtab', 'vgg16', 'deepens_resnet101']}",4,het,8,66719,imagenetv2mf,269602354.0
4,resnet50-vtab-semi-rotation--squeezenet1_1--vgg13--deepens_resnet101,2.200344026273866,0.8349691020680602,1.365374921458953,0.6831,0.16719578699731058,,"{'model_scores': [5, 5, 6, 6], 'model_names': ['resnet50-vtab-semi-rotation', 'squeezenet1_1', 'vgg13', 'deepens_resnet101']}",4,het,8,66719,imagenetv2mf,204435510.0
4,alexnet--squeezenet1_1--vgg13--vgg16,2.276598268036164,0.3850496854456932,1.8915485825904788,0.5832,0.09125253530699255,,"{'model_scores': [4, 5, 6, 6], 'model_names': ['alexnet', 'squeezenet1_1', 'vgg13', 'vgg16']}",4,het,8,66719,imagenetv2mf,333741752.0
5,deepens_alexnet--deepens_alexnet--deepens_alexnet--deepens_alexnet,3.1015772819519043,0.21060872077941895,2.890968706096537,0.3983,0.04289940744638443,,"{'model_scores': [4, 4, 4, 4], 'model_names': ['deepens_alexnet', 'deepens_alexnet', 'deepens_alexnet', 'deepens_alexnet']}",4,het,8,66719,imagenetv2mf,244403384.0
5,deepens_alexnet--deepens_alexnet--deepens_alexnet--deepens_alexnet,3.09203839302063,0.21341478824615479,2.8786233704221167,0.401,0.043276045471429825,,"{'model_scores': [4, 4, 4, 4], 'model_names': ['deepens_alexnet', 'deepens_alexnet', 'deepens_alexnet', 'deepens_alexnet']}",4,het,8,66719,imagenetv2mf,244403384.0
5,deepens_alexnet--deepens_alexnet--deepens_alexnet--deepens_alexnet,3.086815118789673,0.21248602867126465,2.874329062451885,0.4024,0.0434039868414402,,"{'model_scores': [4, 4, 4, 4], 'model_names': ['deepens_alexnet', 'deepens_alexnet', 'deepens_alexnet', 'deepens_alexnet']}",4,het,8,66719,imagenetv2mf,244403384.0
5,deepens_alexnet--deepens_alexnet--deepens_alexnet--deepens_alexnet,3.07633638381958,0.2092401087284088,2.8670961996870634,0.4041,0.042672235518693924,,"{'model_scores': [4, 4, 4, 4], 'model_names': ['deepens_alexnet', 'deepens_alexnet', 'deepens_alexnet', 'deepens_alexnet']}",4,het,8,66719,imagenetv2mf,244403384.0
5,deepens_alexnet--deepens_alexnet--deepens_alexnet--deepens_alexnet,3.0997633934020996,0.21355800330638885,2.8862053048851237,0.4008,0.043162569403648376,,"{'model_scores': [4, 4, 4, 4], 'model_names': ['deepens_alexnet', 'deepens_alexnet', 'deepens_alexnet', 'deepens_alexnet']}",4,het,8,66719,imagenetv2mf,244403384.0
